model,alpha,n_obs,breaches,breach_rate,expected_breaches,avg_var,avg_es
HS,0.975,4537,124,0.02733083535375799,113.4250000000001,0.014115547919814139,0.02077883492978591
FHS,0.975,4537,111,0.024465505840864005,113.4250000000001,0.014180724715834947,0.019159045969818402
